{
  "id": "4336574",
  "name": "mylist",
  "font_family": "iconfont",
  "css_prefix_text": "icon-",
  "description": "",
  "glyphs": [
    {
      "icon_id": "8776631",
      "name": "view",
      "font_class": "icon-test",
      "unicode": "e633",
      "unicode_decimal": 58931
    },
    {
      "icon_id": "8776676",
      "name": "view_off",
      "font_class": "icon-test1",
      "unicode": "e634",
      "unicode_decimal": 58932
    },
    {
      "icon_id": "8776692",
      "name": "message",
      "font_class": "icon-test2",
      "unicode": "e635",
      "unicode_decimal": 58933
    },
    {
      "icon_id": "38159812",
      "name": "笑",
      "font_class": "Outline_fuben11",
      "unicode": "e657",
      "unicode_decimal": 58967
    }
  ]
}
